{
  "years": [
    0,
    1,
    2,
    3,
    4,
    5,
    6,
    7,
    8,
    9
  ],
  "regions": {
    "Eastern European Border Cities": {
      "region_profile": {
        "name": "Eastern European Border Cities",
        "type": "emerging_markets",
        "tech_hub_score": 50.0,
        "climate_pressure": "MODERATE",
        "political_stability": 45.0
      },
      "price_evolution": {
        "initial_price": 100.0,
        "final_price": 209.33819964610277,
        "price_series": [
          107.88048756843808,
          111.30900281876893,
          120.57816392715122,
          122.83380228713673,
          122.96054098598665,
          172.50672046359443,
          159.4292221138552,
          143.7479081942103,
          170.208330911186,
          209.33819964610277
        ],
        "annual_growth_rate": 5.4607318353850465,
        "peak_year": 9
      },
      "market_characteristics": {
        "volatility_series": [
          0.019570124315619095,
          0.04584432003082743,
          0.0038991366255356876,
          0.062418143911626624,
          0.08184320991868621,
          0.3183187336588685,
          0.1621836311918445,
          0.18648409447294537,
          0.09420018446269422,
          0.13826896891116072
        ],
        "average_volatility": 0.11130305474998084,
        "affordability_series": [
          46347.584375052626,
          45593.79629213831,
          42720.21427621102,
          42564.76456519754,
          43158.7053096147,
          31224.406822797464,
          34292.43552232117,
          38603.86306986554,
          33091.58196208109,
          27309.635253556127
        ],
        "final_affordability": 27309.635253556127,
        "investment_attractiveness": [
          39.047154235104756,
          34.34473466358393,
          39.49408032922024,
          33.037352275504006,
          31.26984567479805,
          71.46104003255351,
          23.58580354748222,
          21.33075721937213,
          49.57418511293609,
          54.156063557782744
        ]
      },
      "classification": "\ud83c\udf06 High-Growth",
      "growth_drivers": [],
      "risk_factors": [
        "Political instability",
        "Financial market stress"
      ],
      "sustainability_metrics": {
        "climate_resilience": 74.0,
        "resource_security": 72.5,
        "social_stability": 45.0,
        "economic_diversity": 59.0
      }
    },
    "Middle Eastern Oil Cities": {
      "region_profile": {
        "name": "Middle Eastern Oil Cities",
        "type": "mature_cities",
        "tech_hub_score": 50.0,
        "climate_pressure": "EXTREME",
        "political_stability": 55.0
      },
      "price_evolution": {
        "initial_price": 100.0,
        "final_price": 248.83392156185957,
        "price_series": [
          128.92391682581157,
          153.2860241977648,
          156.2736425491084,
          191.5543146405582,
          207.13082375035776,
          212.55546162284278,
          283.30834699333303,
          280.14580390506785,
          236.79036429172726,
          248.83392156185957
        ],
        "annual_growth_rate": 6.963780061250069,
        "peak_year": 9
      },
      "market_characteristics": {
        "volatility_series": [
          0.17423916825811575,
          0.09531499557074997,
          0.07530951894029782,
          0.12981214079327547,
          0.01578359040083196,
          0.0720605716268332,
          0.23346787754263293,
          0.1117129012058003,
          0.2564602677212767,
          0.0519883135198249
        ],
        "average_volatility": 0.12161493455796388,
        "affordability_series": [
          38782.56357007423,
          33434.22876822668,
          33614.91364962089,
          28109.276134571268,
          26645.307314457415,
          26614.42346040933,
          20466.982891968597,
          21215.483814118066,
          25727.459416567246,
          25094.30712076771
        ],
        "final_affordability": 25094.30712076771,
        "investment_attractiveness": [
          66.75725015914492,
          56.72983289040833,
          39.78238143930355,
          60.409547412660885,
          45.96497429325014,
          40.452276170650016,
          71.12012108759663,
          36.71704321275331,
          22.35730656120566,
          42.91950198135085
        ]
      },
      "classification": "\ud83c\udf06 High-Growth",
      "growth_drivers": [],
      "risk_factors": [
        "Climate vulnerability",
        "Water stress",
        "Financial market stress"
      ],
      "sustainability_metrics": {
        "climate_resilience": 50.0,
        "resource_security": 50.0,
        "social_stability": 55.0,
        "economic_diversity": 61.0
      }
    },
    "Swiss Financial Centers": {
      "region_profile": {
        "name": "Swiss Financial Centers",
        "type": "mature_cities",
        "tech_hub_score": 50.0,
        "climate_pressure": "MODERATE",
        "political_stability": 95.0
      },
      "price_evolution": {
        "initial_price": 250.0,
        "final_price": 568.0735416478576,
        "price_series": [
          296.860847130213,
          303.90545244710495,
          354.5277814087877,
          342.544473959,
          428.85714631921473,
          458.02945283666276,
          441.73727866883144,
          503.263961475109,
          516.636988496391,
          568.0735416478576
        ],
        "annual_growth_rate": 9.168100583820049,
        "peak_year": 9
      },
      "market_characteristics": {
        "volatility_series": [
          0.052068388520852084,
          0.0908946718513306,
          0.050197624986034396,
          0.15192575717104476,
          0.13210008330128759,
          0.05360163425262372,
          0.15894514525360937,
          0.014158428810190627,
          0.10030240977898626,
          0.029064662090075175
        ],
        "average_volatility": 0.08332588060160345,
        "affordability_series": [
          16842.90821216593,
          16814.440013673004,
          14730.636846702564,
          15581.373064680753,
          12719.233381317688,
          12171.134951350301,
          12897.671986264859,
          11569.922318389803,
          11518.387225640476,
          10705.907933147826
        ],
        "final_affordability": 10705.907933147826,
        "investment_attractiveness": [
          88.91100551875188,
          72.53969948153362,
          86.82392916527012,
          66.7865909495622,
          95.36417499679543,
          76.9690032414043,
          66.60965214130573,
          84.09500954768573,
          72.82392568876804,
          80.12270045765915
        ]
      },
      "classification": "\ud83c\udf06 High-Growth",
      "growth_drivers": [],
      "risk_factors": [
        "Financial market stress"
      ],
      "sustainability_metrics": {
        "climate_resilience": 74.0,
        "resource_security": 72.5,
        "social_stability": 95.0,
        "economic_diversity": 69.80000000000001
      }
    },
    "Singapore Trade Hub": {
      "region_profile": {
        "name": "Singapore Trade Hub",
        "type": "innovation_frontrunners",
        "tech_hub_score": 85.0,
        "climate_pressure": "MODERATE",
        "political_stability": 88.0
      },
      "price_evolution": {
        "initial_price": 280.0,
        "final_price": 1126.7230631095933,
        "price_series": [
          289.6276554486075,
          346.0508498691784,
          384.054597790328,
          452.75877330364676,
          522.1953104311108,
          606.8288066693649,
          698.3378233737388,
          900.0651940137919,
          1008.0319769262397,
          1126.7230631095933
        ],
        "annual_growth_rate": 10.440517019497308,
        "peak_year": 9
      },