{
  "years": [
    0,
    1,
    2,
    3,
    4,
    5,
    6,
    7,
    8,
    9
  ],
  "regions": {
    "Eastern European Border Cities": {
      "region_profile": {
        "name": "Eastern European Border Cities",
        "type": "emerging_markets",
        "tech_hub_score": 50.0,
        "climate_pressure": "MODERATE",
        "political_stability": 45.0
      },
      "price_evolution": {
        "initial_price": 100.0,
        "final_price": 164.98294838105815,
        "price_series": [
          95.92449193822348,
          104.83141652661925,
          111.02464221833547,
          145.09496127998665,
          140.3954630599721,
          155.14158330264638,
          174.70765171438103,
          173.65404447008277,
          190.9323332780178,
          164.98294838105815
        ],
        "annual_growth_rate": 5.4607318353850465,
        "peak_year": 9
      },
      "market_characteristics": {
        "volatility_series": [
          0.13913008061776513,
          0.015228497667018432,
          0.020297045156724453,
          0.2257466852484892,
          0.11526412074242219,
          0.020407740526488888,
          0.03974249857912466,
          0.09415568745964686,
          0.009623337978023568,
          0.22753380314218227
        ],
        "average_volatility": 0.09071294971178857,
        "affordability_series": [
          52124.331325310115,
          48411.060044307735,
          46396.2314768829,
          36034.27595883831,
          37799.068698239265,
          34719.382803475564,
          31293.513856228925,
          31955.630987131553,
          29499.785794661948,
          34651.76209463078
        ],
        "final_affordability": 34651.76209463078,
        "investment_attractiveness": [
          27.091158604890154,
          40.45201643336851,
          37.07446215099422,
          61.853835191515586,
          27.92775459242445,
          41.66994071931556,
          43.77841652457914,
          30.56359792070198,
          41.11650046446903,
          17.57578635244844
        ]
      },
      "classification": "\ud83c\udf06 High-Growth",
      "growth_drivers": [],
      "risk_factors": [
        "Political instability",
        "Financial market stress"
      ],
      "sustainability_metrics": {
        "climate_resilience": 74.0,
        "resource_security": 72.5,
        "social_stability": 45.0,
        "economic_diversity": 59.0
      }
    },
    "Middle Eastern Oil Cities": {
      "region_profile": {
        "name": "Middle Eastern Oil Cities",
        "type": "mature_cities",
        "tech_hub_score": 50.0,
        "climate_pressure": "EXTREME",
        "political_stability": 55.0
      },
      "price_evolution": {
        "initial_price": 100.0,
        "final_price": 239.4122583784784,
        "price_series": [
          100.3264206083383,
          129.8856665923889,
          121.84554866387853,
          116.86866194274177,
          128.00191797990604,
          174.52606976440393,
          176.66205842866364,
          190.74177140637275,
          194.37107448475177,
          239.4122583784784
        ],
        "annual_growth_rate": 6.963780061250069,
        "peak_year": 9
      },
      "market_characteristics": {
        "volatility_series": [
          0.11173579391661699,
          0.2009807244374456,
          0.15670150260183915,
          0.13679586409361527,
          0.0018370282837768708,
          0.26521448958523663,
          0.08716120572047997,
          0.02085143256032253,
          0.08267268861655469,
          0.12887781244906932
        ],
        "average_volatility": 0.11928285422649572,
        "affordability_series": [
          49837.32071454408,
          39457.77955687311,
          43112.98244050916,
          46072.68565835073,
          43117.04496483709,
          32413.73092334956,
          32822.36798687522,
          31159.555269509725,
          31342.186607233572,
          26081.850996396803
        ],
        "final_affordability": 26081.850996396803,
        "investment_attractiveness": [
          38.15975394167164,
          67.2964057770779,
          31.643183073149416,
          33.74874692397181,
          47.359630504955646,
          74.179782291857,
          39.05721276128534,
          45.80319007730108,
          39.736064471677864,
          61.00611457824026
        ]
      },
      "classification": "\ud83c\udf06 High-Growth",
      "growth_drivers": [],
      "risk_factors": [
        "Climate vulnerability",
        "Water stress",
        "Financial market stress"
      ],
      "sustainability_metrics": {
        "climate_resilience": 50.0,
        "resource_security": 50.0,
        "social_stability": 55.0,
        "economic_diversity": 61.0
      }
    },
    "Swiss Financial Centers": {
      "region_profile": {
        "name": "Swiss Financial Centers",
        "type": "mature_cities",
        "tech_hub_score": 50.0,
        "climate_pressure": "MODERATE",
        "political_stability": 95.0
      },
      "price_evolution": {
        "initial_price": 250.0,
        "final_price": 616.3627999287828,
        "price_series": [
          286.82622612976144,
          312.7414645151472,
          330.2348300491154,
          383.39963832667854,
          431.72230214408523,
          433.95151569913133,
          510.5866445097423,
          495.45347197178404,
          507.00318187249934,
          616.3627999287828
        ],
        "annual_growth_rate": 9.168100583820049,
        "peak_year": 9
      },
      "market_characteristics": {
        "volatility_series": [
          0.011929904519045782,
          0.024273295642039477,
          0.06043945093205427,
          0.04286591749242816,
          0.006162322383264561,
          0.11646146421791267,
          0.05322336649526503,
          0.15476379431764006,
          0.10356360840807056,
          0.08707309020209472
        ],
        "average_volatility": 0.06607562146098153,
        "affordability_series": [
          17432.15767772218,
          16339.374786525963,
          15814.261624745264,
          13921.017931300974,
          12634.821282546365,
          12846.4542247002,
          11158.502843031474,
          11752.314332845634,
          11737.253534804646,
          9867.148109590475
        ],
        "final_affordability": 9867.148109590475,
        "investment_attractiveness": [
          84.89715711857124,
          79.20183710246272,
          75.76022157346124,
          86.26575841590949,
          82.77039890499313,
          70.68302024487541,
          87.82650331619318,
          67.20278723490267,
          72.49780582585961,
          91.73647568687615
        ]
      },
      "classification": "\ud83c\udf06 High-Growth",
      "growth_drivers": [],
      "risk_factors": [
        "Financial market stress"
      ],
      "sustainability_metrics": {
        "climate_resilience": 74.0,
        "resource_security": 72.5,
        "social_stability": 95.0,
        "economic_diversity": 69.80000000000001
      }
    },
    "Singapore Trade Hub": {
      "region_profile": {
        "name": "Singapore Trade Hub",
        "type": "innovation_frontrunners",
        "tech_hub_score": 85.0,
        "climate_pressure": "MODERATE",
        "political_stability": 88.0
      },
      "price_evolution": {
        "initial_price": 280.0,
        "final_price": 1078.0539726408822,
        "price_series": [
          369.92441614128245,
          442.1747005948849,
          500.80061807860824,
          569.1669273597055,
          633.2520630698316,
          688.1797165460454,
          787.4397956183819,
          739.2728529361165,
          835.9146837060435,
          1078.0539726408822
        ],
        "annual_growth_rate": 10.440517019497308,
        "peak_year": 9
      },