{
  "years": [
    0,
    1,
    2,
    3,
    4,
    5,
    6,
    7,
    8,
    9,
    10,
    11
  ],
  "regions": {
    "Silicon Valley": {
      "region_profile": {
        "name": "Silicon Valley",
        "type": "innovation_frontrunners",
        "tech_hub_score": 95.0,
        "climate_pressure": "MODERATE",
        "political_stability": 70.0
      },
      "price_evolution": {
        "initial_price": 300.0,
        "final_price": 2255.821684562393,
        "price_series": [
          322.47685605468905,
          390.6317875969996,
          520.442764331119,
          617.3244129186074,
          703.2979658055724,
          835.0672338377018,
          1033.8880675611201,
          1247.1904660614398,
          1347.1552267262973,
          1544.957889298599,
          1942.0427112236111,
          2255.821684562393
        ],
        "annual_growth_rate": 10.735554382220712,
        "peak_year": 11
      },
      "market_characteristics": {
        "volatility_series": [
          0.07195214648436986,
          0.06237328829623704,
          0.18123532613259957,
          0.0344773595433252,
          0.014506973192998698,
          0.031484091649295415,
          0.08011461203004153,
          0.046235920101328924,
          0.08202303974605346,
          0.01744510345349786,
          0.09064483508772916,
          0.006903387014680498
        ],
        "average_volatility": 0.059949673561013106,
        "affordability_series": [
          15504.988671658492,
          13247.769803462223,
          10291.477501630316,
          8980.02615641074,
          8158.156687618188,
          7111.321445272426,
          5944.818229908845,
          5100.581255982344,
          4887.3693648628805,
          4410.7912671842105,
          3631.739797659635,
          3236.0042622918577
        ],
        "final_affordability": 3236.0042622918577,
        "investment_attractiveness": [
          57.82561868489634,
          71.46816216295703,
          83.56436594659328,
          68.94856928766585,
          64.26013601403346,
          69.06924249826287,
          74.14229453633749,
          70.96442534346622,
          58.34852935872799,
          65.01632298798354,
          76.03531684210625,
          66.49049463186529
        ]
      },
      "classification": "\ud83c\udf06 High-Growth",
      "growth_drivers": [
        "Technology ecosystem"
      ],
      "risk_factors": [],
      "sustainability_metrics": {
        "climate_resilience": 74.0,
        "resource_security": 72.5,
        "social_stability": 70.0,
        "economic_diversity": 74.5
      }
    },
    "Austin Tech Corridor": {
      "region_profile": {
        "name": "Austin Tech Corridor",
        "type": "upwardly_mobile",
        "tech_hub_score": 85.0,
        "climate_pressure": "MODERATE",
        "political_stability": 70.0
      },
      "price_evolution": {
        "initial_price": 120.0,
        "final_price": 880.4938682908377,
        "price_series": [
          128.53620963236233,
          159.48056929055477,
          181.51258504036926,
          206.2939013161765,
          261.6595315360782,
          318.1166746622272,
          341.07176104939697,
          427.65532562172325,
          519.6583149412372,
          549.3174768227549,
          683.0458352441739,
          880.4938682908377
        ],
        "annual_growth_rate": 12.539064614984618,
        "peak_year": 11
      },
      "market_characteristics": {
        "volatility_series": [
          0.11173991973031411,
          0.05566929879875189,
          0.049126410188568025,
          0.051448288806416775,
          0.07820729277096046,
          0.023390666149121615,
          0.12241566911442715,
          0.05708232405969103,
          0.01615850543632404,
          0.1441006474326375,
          0.04006957269938348,
          0.08349496113383864
        ],
        "average_volatility": 0.06940862969336957,
        "affordability_series": [
          38899.544449777524,
          32762.611917196427,
          30081.247527743828,
          27658.746034643817,
          22787.601002422733,
          19586.86917270695,
          19090.70573360822,
          15910.731714696163,
          13683.035294041412,
          13526.74184890138,
          11367.9737259341,
          9215.584027070297
        ],
        "final_affordability": 9215.584027070297,
        "investment_attractiveness": [
          57.44684136030192,
          74.40776321320853,
          64.14819231447653,
          63.986004452691645,
          77.17156261042938,
          71.9098999482455,
          57.54926642189062,
          75.71906573930244,
          71.84668387696573,
          56.04076859006959,
          74.67779060327169,
          79.2403294467172
        ]
      },
      "classification": "\ud83c\udf06 High-Growth",
      "growth_drivers": [
        "Technology ecosystem",
        "Population growth"
      ],
      "risk_factors": [],
      "sustainability_metrics": {
        "climate_resilience": 74.0,
        "resource_security": 72.5,
        "social_stability": 70.0,
        "economic_diversity": 71.5
      }
    },
    "Rural Colorado Mountain Towns": {
      "region_profile": {
        "name": "Rural Colorado Mountain Towns",
        "type": "emerging_markets",
        "tech_hub_score": 40.0,
        "climate_pressure": "LOW",
        "political_stability": 70.0
      },
      "price_evolution": {
        "initial_price": 80.0,
        "final_price": 324.2816903661803,
        "price_series": [
          95.40715624872041,
          107.30262019030108,
          120.79493559173856,
          137.8277002970561,
          137.47911797004403,
          164.6874603069324,
          205.01254424476082,
          218.16359478807072,
          241.122771560412,
          251.10914605196396,
          308.8802417495264,
          324.2816903661803
        ],
        "annual_growth_rate": 7.228397905150752,
        "peak_year": 9
      },
      "market_characteristics": {
        "volatility_series": [
          0.07121445310900502,
          0.002906045000124957,
          0.0035657822615038216,
          0.01993061933229297,
          0.12400411661633177,
          0.07603390964849598,
          0.12258325370476594,
          0.058527459215329224,
          0.01783664987726598,
          0.08205885988629051,
          0.1061886858746969,
          0.07441279926673634
        ],
        "average_volatility": 0.06327188614940328,
        "affordability_series": [
          52406.970258764624,
          47762.114204767946,
          43487.95729114385,
          39066.5527567756,
          40144.747323208554,
          34350.162750156844,
          28283.474615786257,
          27242.99062872817,
          25265.197675547064,
          24866.935147181546,
          20721.373062676957,
          20230.662056800855
        ],
        "final_affordability": 20230.662056800855,
        "investment_attractiveness": [
          66.2589453109005,
          59.46810450001249,
          59.57407822615039,
          61.1005619332293,
          46.74708833836683,
          66.7908909648496,
          71.4858253704766,
          53.414754078467084,
          57.523835012273395,
          51.14161401137095,
          70.0063685874697,
          51.986220073326365
        ]
      },
      "classification": "\ud83c\udf06 High-Growth",
      "growth_drivers": [],
      "risk_factors": [],
      "sustainability_metrics": {
        "climate_resilience": 80.0,
        "resource_security": 72.5,
        "social_stability": 70.0,
        "economic_diversity": 54.0
      }
    },
    "Manhattan Financial District": {
      "region_profile": {
        "name": "Manhattan Financial District",
        "type": "mature_cities",
        "tech_hub_score": 75.0,
        "climate_pressure": "MODERATE",
        "political_stability": 70.0
      },
      "price_evolution": {
        "initial_price": 400.0,