{
  "years": [
    0,
    1,
    2,
    3,
    4,
    5,
    6,
    7,
    8,
    9,
    10,
    11
  ],
  "regions": {
    "Silicon Valley": {
      "region_profile": {
        "name": "Silicon Valley",
        "type": "innovation_frontrunners",
        "tech_hub_score": 95.0,
        "climate_pressure": "MODERATE",
        "political_stability": 70.0
      },
      "price_evolution": {
        "initial_price": 300.0,
        "final_price": 1875.6207076565083,
        "price_series": [
          374.9209714309694,
          382.40421467075413,
          424.98735473656797,
          504.4628525014747,
          560.8451590526819,
          656.0386971875065,
          853.4656142325842,
          1057.1618583198929,
          1281.663531237755,
          1496.3823862326215,
          1550.3968026485504,
          1875.6207076565083
        ],
        "annual_growth_rate": 10.735554382220712,
        "peak_year": 11
      },
      "market_characteristics": {
        "volatility_series": [
          0.1028615714365648,
          0.12901547836741906,
          0.03971864347428165,
          0.0353317353278554,
          0.04200798629101264,
          0.013857298832025364,
          0.14296291401553554,
          0.07859453828065734,
          0.050187630330472056,
          0.003256376029326259,
          0.13027833319017573,
          0.04129317318790658
        ],
        "average_volatility": 0.06744713989693604,
        "affordability_series": [
          13336.14383030212,
          13532.800637293232,
          12603.022043608895,
          10989.09334455661,
          10230.30137732908,
          9051.95311449299,
          7201.55156719367,
          6017.4288958388925,
          5137.108940330487,
          4553.974190676058,
          4549.153991453634,
          3891.9641676035276
        ],
        "final_affordability": 3891.9641676035276,
        "investment_attractiveness": [
          75.30699047698981,
          52.329285496591424,
          61.468968985905164,
          69.03400686611887,
          61.51003470423207,
          67.30656321653586,
          80.42712473488689,
          74.20028716139906,
          71.56959636638054,
          67.08647093626595,
          53.94300001431576,
          71.310150652124
        ]
      },
      "classification": "\ud83c\udf06 High-Growth",
      "growth_drivers": [
        "Technology ecosystem"
      ],
      "risk_factors": [],
      "sustainability_metrics": {
        "climate_resilience": 74.0,
        "resource_security": 72.5,
        "social_stability": 70.0,
        "economic_diversity": 74.5
      }
    },
    "Austin Tech Corridor": {
      "region_profile": {
        "name": "Austin Tech Corridor",
        "type": "upwardly_mobile",
        "tech_hub_score": 85.0,
        "climate_pressure": "MODERATE",
        "political_stability": 70.0
      },
      "price_evolution": {
        "initial_price": 120.0,
        "final_price": 735.6695151469756,
        "price_series": [
          130.75339275061796,
          146.5794380158901,
          177.0416569373589,
          187.5370272506095,
          229.27890986158476,
          270.5202989346641,
          277.1373138738821,
          340.9282911693332,
          442.1512290704933,
          485.8227091276592,
          612.738126767611,
          735.6695151469756
        ],
        "annual_growth_rate": 12.539064614984618,
        "peak_year": 11
      },
      "market_characteristics": {
        "volatility_series": [
          0.09326339374485035,
          0.06403764156252768,
          0.02054554655010009,
          0.1286930745209355,
          0.032404419237539415,
          0.01250067532715221,
          0.17011467312147555,
          0.033403233323285875,
          0.09792889598933098,
          0.10240454051496425,
          0.05786313328496012,
          0.004948691616242341
        ],
        "average_volatility": 0.06817565989944703,
        "affordability_series": [
          38239.92551792786,
          35646.200249680165,
          30840.905436915942,
          30425.088360685073,
          26005.850283938475,
          23033.05782524848,
          23494.853627688324,
          19958.18278673941,
          16081.60872724701,
          15294.624072665105,
          12672.3746564075,
          11029.76956566329
        ],
        "final_affordability": 11029.76956566329,
        "investment_attractiveness": [
          59.29449395884829,
          62.43706917708056,
          71.11538798834334,
          56.26152588123978,
          72.59127525708728,
          68.3207658006181,
          52.77936602118578,
          73.35115666566192,
          80.02372293226642,
          60.21037928183691,
          76.45714666182934,
          70.3959641717091
        ]
      },
      "classification": "\ud83c\udf06 High-Growth",
      "growth_drivers": [
        "Technology ecosystem",
        "Population growth"
      ],
      "risk_factors": [],
      "sustainability_metrics": {
        "climate_resilience": 74.0,
        "resource_security": 72.5,
        "social_stability": 70.0,
        "economic_diversity": 71.5
      }
    },
    "Rural Colorado Mountain Towns": {
      "region_profile": {
        "name": "Rural Colorado Mountain Towns",
        "type": "emerging_markets",
        "tech_hub_score": 40.0,
        "climate_pressure": "LOW",
        "political_stability": 70.0
      },
      "price_evolution": {
        "initial_price": 80.0,
        "final_price": 298.7688469229363,
        "price_series": [
          90.90729718522991,
          88.99039077315405,
          93.643638844878,
          110.28926005520128,
          135.2830678541476,
          154.2144466268081,
          182.23935565284464,
          191.66341551751546,
          219.8792728690929,
          249.65581905345513,
          284.00695914078847,
          298.7688469229363
        ],
        "annual_growth_rate": 7.228397905150752,
        "peak_year": 9
      },
      "market_characteristics": {
        "volatility_series": [
          0.014966214815373724,
          0.14286138658753678,
          0.06988566818230335,
          0.05667995928663111,
          0.10514550490171526,
          0.018064011385156703,
          0.059451872151320036,
          0.07096246057123307,
          0.024140665939120537,
          0.011947251473834908,
          0.013718989267192859,
          0.07229779554413997
        ],
        "average_volatility": 0.055010148342129854,
        "affordability_series": [
          55001.085224348426,
          57590.48764112261,
          56096.976418247425,
          48821.19185771131,
          40796.41702888682,
          36682.95148860406,
          31817.86431527003,
          31009.719576858486,
          27706.17897748153,
          25011.69359245467,
          22536.147495628633,
          21958.22408049963
        ],
        "final_affordability": 21958.22408049963,
        "investment_attractiveness": [
          60.63412148153736,
          44.89136134124632,
          52.22893318176967,
          64.77549592866312,
          69.66205049017154,
          60.99390113851567,
          65.17268721513202,
          52.171253942876696,
          61.72156659391206,
          60.54222514738349,
          60.759398926719285,
          52.197720445586
        ]
      },
      "classification": "\ud83c\udf06 High-Growth",
      "growth_drivers": [],
      "risk_factors": [],
      "sustainability_metrics": {
        "climate_resilience": 80.0,
        "resource_security": 72.5,
        "social_stability": 70.0,
        "economic_diversity": 54.0
      }
    },
    "Manhattan Financial District": {
      "region_profile": {
        "name": "Manhattan Financial District",
        "type": "mature_cities",
        "tech_hub_score": 75.0,
        "climate_pressure": "MODERATE",
        "political_stability": 70.0
      },
      "price_evolution": {
        "initial_price": 400.0,
        "final_price": 2684.161296307217,