{
  "model": "interest_rate",
  "scenario": {
    "model": "interest_rate",
    "name": "Federal Reserve Rate Hike Scenario",
    "description": "Simulation of a 75 basis point rate increase by the Federal Reserve",
    "parameters": {
      "gdp_sensitivity": -0.35,
      "inflation_sensitivity": -0.25,
      "investment_sensitivity": -1.0,
      "consumption_sensitivity": -0.2,
      "baseline_gdp_growth": 0.015,
      "baseline_inflation": 0.006,
      "baseline_investment": 1200.0,
      "baseline_consumption": 6000.0,
      "periods": 24,
      "persistence": 0.85
    },
    "simulation": {
      "shock": {
        "magnitude": 0.0075,
        "duration": 8,
        "start_period": 2
      }
    },
    "metadata": {
      "created_by": "Economic Research Team",
      "created_date": "2024-01-15",
      "version": "1.0",
      "assumptions": [
        "Federal Reserve raises rates by 75 basis points",
        "Shock persists for 8 quarters with decay",
        "Standard macroeconomic transmission channels apply",
        "No external shocks or policy interventions"
      ]
    }
  },
  "results": {
    "periods": [
      0,
      1,
      2,
      3,
      4,
      5,
      6,
      7,
      8,
      9,
      10,
      11,
      12,
      13,
      14,
      15,
      16,
      17,
      18,
      19,
      20,
      21,
      22,
      23
    ],
    "interest_rate_shock": [
      0.0,
      0.0,
      0.0075,
      0.006375,
      0.005418749999999999,
      0.004605937499999999,
      0.003915046874999999,
      0.0033277898437499994,
      0.0028286213671874995,
      0.0024043281621093744,
      0.0,
      0.0,
      0.0,
      0.0,
      0.0,
      0.0,
      0.0,
      0.0,
      0.0,
      0.0,
      0.0,
      0.0,
      0.0,
      0.0
    ],
    "gdp_growth": [
      0.015,
      0.015,
      0.012375,
      0.012768749999999999,
      0.0131034375,
      0.013387921875,
      0.01362973359375,
      0.0138352735546875,
      0.014009982521484374,
      0.014158485143261719,
      0.015,
      0.015,
      0.015,
      0.015,
      0.015,
      0.015,
      0.015,
      0.015,
      0.015,
      0.015,
      0.015,
      0.015,
      0.015,
      0.015
    ],
    "inflation": [
      0.006,
      0.006,
      0.004125,
      0.0044062500000000004,
      0.0046453125,
      0.004848515625000001,
      0.005021238281250001,
      0.005168052539062501,
      0.005292844658203125,
      0.005398917959472656,
      0.006,
      0.006,
      0.006,
      0.006,
      0.006,
      0.006,
      0.006,
      0.006,
      0.006,
      0.006,
      0.006,
      0.006,
      0.006,
      0.006
    ],
    "investment": [
      1200.0,
      1200.0,
      1199.9099999999999,
      1199.9234999999999,
      1199.9349750000001,
      1199.94472875,
      1199.9530194375,
      1199.960066521875,
      1199.9660565435938,
      1199.9711480620547,
      1200.0,
      1200.0,
      1200.0,
      1200.0,
      1200.0,
      1200.0,
      1200.0,
      1200.0,
      1200.0,
      1200.0,
      1200.0,
      1200.0,
      1200.0,
      1200.0
    ],
    "consumption": [
      6000.0,
      6000.0,
      5999.91,
      5999.9235,
      5999.934975,
      5999.94472875,
      5999.953019437499,
      5999.960066521875,
      5999.966056543593,
      5999.971148062054,
      6000.0,
      6000.0,
      6000.0,
      6000.0,
      6000.0,
      6000.0,
      6000.0,
      6000.0,
      6000.0,
      6000.0,
      6000.0,
      6000.0,
      6000.0,
      6000.0
    ],
    "summary": {
      "avg_gdp_growth": 0.014469524341174315,
      "min_gdp_growth": 0.012375,
      "max_gdp_growth": 0.015,
      "avg_inflation": 0.005621088815124512,
      "min_inflation": 0.004125,
      "max_inflation": 0.006,
      "total_investment_change": -0.43650568497469067,
      "total_consumption_change": -0.43650568497832865
    }
  },
  "metadata": {
    "start_time": "2025-05-28T13:36:17.248616",
    "end_time": "2025-05-28T13:36:17.248974",
    "execution_time_seconds": 0.000358
  }
}