{
  "visualization_type": "cosmic_consciousness_timing_graphs",
  "consciousness_vs_survival": {
    "evolution_times": [
      4.0,
      4.0653061224489795,
      4.130612244897959,
      4.1959183673469385,
      4.261224489795918,
      4.326530612244898,
      4.391836734693878,
      4.457142857142857,
      4.522448979591837,
      4.587755102040816,
      4.653061224489796,
      4.718367346938775,
      4.783673469387756,
      4.848979591836735,
      4.914285714285715,
      4.979591836734694,
      5.044897959183674,
      5.110204081632653,
      5.1755102040816325,
      5.240816326530613,
      5.3061224489795915,
      5.371428571428572,
      5.436734693877551,
      5.502040816326531,
      5.56734693877551,
      5.63265306122449,
      5.697959183673469,
      5.763265306122449,
      5.828571428571429,
      5.893877551020408,
      5.959183673469388,
      6.024489795918368,
      6.089795918367347,
      6.155102040816327,
      6.220408163265306,
      6.2857142857142865,
      6.351020408163265,
      6.4163265306122454,
      6.481632653061225,
      6.546938775510204,
      6.612244897959184,
      6.677551020408163,
      6.742857142857143,
      6.808163265306122,
      6.873469387755103,
      6.938775510204081,
      7.004081632653062,
      7.069387755102041,
      7.134693877551021,
      7.2
    ],
    "survival_probabilities": [
      0.20151515151515154,
      0.20151515151515154,
      0.20151515151515154,
      0.20151515151515154,
      0.20151515151515154,
      0.20151515151515154,
      0.20151515151515154,
      0.20151515151515154,
      0.20151515151515154,
      0.20151515151515154,
      0.20151515151515154,
      0.20151515151515154,
      0.20151515151515154,
      0.20151515151515154,
      0.20151515151515154,
      0.20151515151515154,
      0.20151515151515154,
      0.20151515151515154,
      0.20151515151515154,
      0.20151515151515154,
      0.20151515151515154,
      0.20151515151515154,
      0.20151515151515154,
      0.20151515151515154,
      0.20151515151515154,
      0.20151515151515154,
      0.20151515151515154,
      0.20151515151515154,
      0.20151515151515154,
      0.20151515151515154,
      0.20151515151515154,
      0.20151515151515154,
      0.20151515151515154,
      0.20151515151515154,
      0.20151515151515154,
      0.20151515151515154,
      0.20151515151515154,
      0.20151515151515154,
      0.20151515151515154,
      0.20151515151515154,
      0.20151515151515154,
      0.20151515151515154,
      0.20151515151515154,
      0.20151515151515154,
      0.20151515151515154,
      0.20151515151515154,
      0.20151515151515154,
      0.20151515151515154,
      0.20151515151515154,
      0.20151515151515154
    ],
    "civilization_succeeds": [
      true,
      true,
      true,
      true,
      true,
      true,
      true,
      true,
      true,
      true,
      true,
      true,
      true,
      true,
      true,
      true,
      true,
      true,
      true,
      true,
      true,
      true,
      true,
      true,
      true,
      true,
      true,
      true,
      true,
      true,
      true,
      true,
      true,
      true,
      true,
      true,
      true,
      true,
      true,
      true,
      true,
      true,
      true,
      true,
      true,
      true,
      true,
      true,
      true,
      true
    ]
  },
  "fermi_paradox_simulation": {
    "total_civilizations": 1000,
    "successful_civilizations": 757,
    "success_rate": 0.757
  }
}